"","Player","PER","G"
"1","Michael Jordan",28.61,169
"2","LeBron James",28.38,235
"3","Anthony Davis",26.77,9
"4","Shaquille O'Neal",25.42,202
"5","Hakeem Olajuwon",25.42,111
"6","Chris Paul",25.33,87
"7","Terry Furlow",24.13,9
"8","Kevin Durant",24.07,123
"9","Tim Duncan",23.91,246
"10","Charles Barkley",23.9,108
"11","Dirk Nowitzki",23.74,131
"12","Russell Westbrook",23.66,86
"13","Stephen Curry",23.3,86
"14","Brook Lopez",23.26,13
"15","Magic Johnson",23,183
"16","Jerry West",22.9,151
"17","Wilt Chamberlain",22.7,157
"18","David Robinson",22.55,107
"19","Kyrie Irving",22.45,52
"20","Kareem Abdul-Jabbar",22.26,231
"21","Dwyane Wade",22.11,162
"22","Dwight Howard",22.05,76
"23","Bob Pettit",21.95,49
"24","Kobe Bryant",21.89,211
"25","Yao Ming",21.8,23
"26","James Harden",21.74,94
"27","Clint Capela",21.62,28
"28","Elgin Baylor",21.56,117
"29","Larry Bird",21.32,160
"30","Blake Griffin",21.22,38
"31","Allen Iverson",21.19,67
"32","Moses Malone",21.17,71
"33","Kawhi Leonard",21.17,87
"34","Karl Malone",21.03,167
"35","Jonas Valanciunas",21.03,32
"36","Roy Tarpley",20.93,17
"37","Corey Maggette",20.9,12
"38","Bernard King",20.79,12
"39","Kevin Garnett",20.76,120
"40","Oscar Robertson",20.76,74
"41","Baron Davis",20.53,37
"42","Bob Lanier",20.37,61
"43","Rudy Gobert",20.23,20
"44","Giannis Antetokounmpo",20.23,19
"45","Tracy McGrady",20.21,27
"46","Patrick Ewing",20.19,124
"47","George Gervin",20.08,47
"48","Alex English",19.97,56
"49","Amar'e Stoudemire",19.96,52
"50","Steve Francis",19.9,5
"51","Julius Erving",19.86,131
"52","John Wall",19.86,37
"53","Pau Gasol",19.83,115
"54","Tom Burleson",19.82,15
"55","Walt Frazier",19.78,86
"56","Anfernee Hardaway",19.76,53
"57","Isiah Thomas",19.74,97
"58","Gus Williams",19.58,67
"59","Clyde Drexler",19.56,113
"60","John Stockton",19.56,131
"61","LaMarcus Aldridge",19.45,60
"62","Rick Barry",19.44,66
"63","Dan Issel",19.44,42
"64","Bill Russell",19.31,135
"65","Todd MacCulloch",19.28,20
"66","Marques Johnson",19.26,54
"67","Reggie Miller",19.25,113
"68","Kevin McHale",19.24,150
"69","Shawn Kemp",19.16,65
"70","Elvin Hayes",19.05,91
"71","Derrick Coleman",19.04,17
"72","Steve Nash",18.96,100
"73","Carmelo Anthony",18.95,44
"74","Cliff Hagan",18.91,49
"75","Manu Ginobili",18.9,191
"76","Eric Bledsoe",18.89,7
"77","Marc Gasol",18.86,59
"78","Chris Andersen",18.85,53
"79","Enes Kanter",18.83,18
"80","Chris Webber",18.74,59
"81","Kemba Walker",18.71,7
"82","Alonzo Mourning",18.7,72
"83","Arvydas Sabonis",18.7,29
"84","Dario Saric",18.7,10
"85","Derrick Rose",18.65,40
"86","Dominique Wilkins",18.65,35
"87","Brad Daugherty",18.64,31
"88","Chauncey Billups",18.53,133
"89","Hassan Whiteside",18.53,10
"90","Adrian Dantley",18.51,67
"91","Larry Nance",18.46,59
"92","Chris Bosh",18.38,84
"93","Kevin Johnson",18.35,84
"94","James Worthy",18.3,138
"95","Walter Davis",18.29,40
"96","Spud Webb",18.2,12
"97","Joel Embiid",18.2,8
"98","Reggie Lewis",18.15,21
"99","Scottie Pippen",18.12,194
"100","Paul Millsap",18.12,78
"101","Fred Brown",18.05,68
"102","Al Horford",18.04,108
"103","Rajon Rondo",18.02,101
"104","Jrue Holiday",17.97,22
"105","Isaiah Thomas",17.9,21
"106","Jason Richardson",17.89,27
"107","Bob McAdoo",17.89,81
"108","Mike Conley",17.83,56
"109","Rik Smits",17.82,84
"110","Brandon Roy",17.78,6
"111","Paul George",17.71,62
"112","Tom Boerwinkle",17.7,13
"113","Jeff Ruland",17.65,7
"114","Paul Arizin",17.64,21
"115","Sarunas Marciulionis",17.64,9
"116","Damian Lillard",17.62,27
"117","Bradley Beal",17.57,40
"118","Mark Aguirre",17.51,89
"119","Carl Landry",17.5,31
"120","Tom Heinsohn",17.48,72
"121","Kevin Love",17.44,55
"122","Larry Spriggs",17.44,16
"123","Vin Baker",17.38,10
"124","Grant Hill",17.28,21
"125","Sam Jones",17.26,122
"126","Billy Cunningham",17.24,32
"127","Bill Sharman",17.22,23
"128","Cedric Ceballos",17.2,20
"129","John Havlicek",17.16,172
"130","Vince Carter",17.16,49
"131","Roy Hibbert",17.1,49
"132","Johnny Moore",17.09,20
"133","Bob Gross",17.08,19
"134","Gail Goodrich",17.07,62
"135","Mark Price",17.07,31
"136","Gordon Hayward",17.07,11
"137","Carlos Boozer",17.06,67
"138","Alvan Adams",17.06,70
"139","Dennis Schroder",17.05,22
"140","Derrick Favors",17.02,22
"141","Robin Lopez",17.02,11
"142","David West",17.01,78
"143","Al-Farouq Aminu",17,11
"144","Ralph Sampson",16.93,30
"145","Mike Newlin",16.92,20
"146","Bob Dandridge",16.91,95
"147","Donovan Mitchell",16.9,11
"148","Draymond Green",16.89,97
"149","Walt Bellamy",16.82,42
"150","Rod Strickland",16.82,15
"151","Sidney Wicks",16.8,9
"152","Randy Smith",16.78,22
"153","Ed Pinckney",16.76,10
"154","Calvin Murphy",16.75,46
"155","Flynn Robinson",16.75,10
"156","Vlade Divac",16.74,86
"157","DeAndre Jordan",16.72,45
"158","Bill Walton",16.71,35
"159","Ben Simmons",16.7,10
"160","Dolph Schayes",16.69,8
"161","Latrell Sprewell",16.67,59
"162","Doug Collins",16.66,29
"163","Darren Collison",16.66,31
"164","Dikembe Mutombo",16.64,54
"165","Terry Cummings",16.64,56
"166","Josh Smith",16.63,58
"167","Jason Kidd",16.6,134
"168","David Thompson",16.6,19
"169","Tony Parker",16.56,216
"170","Deron Williams",16.55,81
"171","Glenn Robinson",16.53,18
"172","Dave Cowens",16.52,89
"173","Robert Parish",16.52,166
"174","Maurice Cheeks",16.52,117
"175","Nate Robinson",16.52,12
"176","Chet Walker",16.51,77
"177","Bobby Jones",16.51,114
"178","Charlie Ward",16.51,46
"179","Jerome James",16.49,11
"180","Toni Kukoc",16.46,75
"181","Zach Randolph",16.46,59
"182","Joakim Noah",16.45,52
"183","Campy Russell",16.44,13
"184","Jeff Hornacek",16.43,131
"185","Willis Reed",16.43,63
"186","Jameer Nelson",16.43,30
"187","Andrew Bynum",16.4,68
"188","Paul Pierce",16.38,154
"189","Khris Middleton",16.38,19
"190","Darnell Valentine",16.37,16
"191","Channing Frye",16.36,33
"192","Jason Maxiell",16.34,17
"193","Antawn Jamison",16.34,33
"194","Lamar Odom",16.32,97
"195","Jayson Tatum",16.3,19
"196","Marcus Camby",16.23,36
"197","Terry Porter",16.21,71
"198","Don Nelson",16.21,136
"199","Jeff Foster",16.19,29
"200","Lou Hudson",16.18,46
"201","Dan Roundfield",16.17,18
"202","Richard Hamilton",16.15,116
"203","Tim Thomas",16.14,38
"204","Connie Hawkins",16.14,7
"205","Fat Lever",16.11,28
"206","Brandon Bass",16.09,26
"207","Hersey Hawkins",16.07,61
"208","Mike Gminski",16.07,21
"209","Mitch Richmond",16.04,17
"210","Earl Monroe",16.02,69
"211","Pete Maravich",15.98,12
"212","Johnny Green",15.94,12
"213","Danny Manning",15.92,11
"214","Goran Dragic",15.92,30
"215","Ray Allen",15.87,163
"216","Serge Ibaka",15.85,103
"217","Calvin Natt",15.81,32
"218","Slick Watts",15.79,9
"219","Darrell Griffith",15.78,21
"220","Victor Oladipo",15.77,7
"221","DeMar DeRozan",15.77,47
"222","Tiago Splitter",15.75,42
"223","Josh Howard",15.73,52
"224","Shawn Marion",15.64,82
"225","Doc Rivers",15.63,59
"226","Jack Twyman",15.61,22
"227","Vinnie Johnson",15.6,99
"228","Bryant Stith",15.6,12
"229","Dave Bing",15.59,20
"230","Darryl Dawkins",15.56,93
"231","Andrew Bogut",15.54,53
"232","Kiki Vandeweghe",15.54,27
"233","Horace Grant",15.51,157
"234","Ty Lawson",15.5,13
"235","Ben Wallace",15.49,116
"236","Jerome Kersey",15.49,77
"237","Jimmy Butler",15.49,35
"238","Bison Dele",15.46,31
"239","Elton Brand",15.44,25
"240","Kerry Kittles",15.34,51
"241","Fred Hoiberg",15.33,18
"242","Luol Deng",15.32,56
"243","Norm Nixon",15.32,52
"244","Andre Miller",15.32,18
"245","Mark Jackson",15.31,90
"246","Kyle Lowry",15.31,58
"247","Bismack Biyombo",15.29,20
"248","Bailey Howell",15.28,65
"249","Jonathon Simmons",15.28,15
"250","Sidney Moncrief",15.27,67
"251","Zelmo Beaty",15.27,59
"252","Maurice Lucas",15.26,70
"253","Larry Kenon",15.24,14
"254","John Lucas",15.23,24
"255","Jarrett Jack",15.22,12
"256","Clifford Ray",15.21,51
"257","Zydrunas Ilgauskas",15.17,60
"258","Steve Mix",15.17,45
"259","Chris Mullin",15.17,55
"260","Austin Croshere",15.16,36
"261","Richie Guerin",15.16,31
"262","Isaiah Rider",15.16,13
"263","Tom Meschery",15.14,39
"264","Jo Jo White",15.13,80
"265","Ron Harper",15.11,86
"266","Nate Thurmond",15.11,75
"267","Antonio Daniels",15.1,40
"268","Rasheed Wallace",15.09,159
"269","Antonio McDyess",15.09,86
"270","John Drew",15.09,9
"271","Delon Wright",15.08,10
"272","Mookie Blaylock",15.07,40
"273","Eddie Johnson",15.06,81
"274","Bob Warlick",15.03,10
"275","Wes Unseld",15.02,113
"276","Cedric Maxwell",15.02,88
"277","Allan Houston",15.02,55
"278","Marcin Gortat",15.02,72
"279","Steve Smith",15,55
"280","Tristan Thompson",15,74
"281","Reggie King",14.99,15
"282","Scott Burrell",14.99,21
"283","Dave DeBusschere",14.98,92
"284","Derrek Dickey",14.96,15
"285","Bob Love",14.95,38
"286","Bob Cousy",14.95,50
"287","Steve Hawes",14.95,9
"288","Taj Gibson",14.93,40
"289","Troy Hudson",14.93,6
"290","Marreese Speights",14.93,24
"291","Anthony Roberts",14.91,13
"292","Andrei Kirilenko",14.9,29
"293","Mickey Johnson",14.9,6
"294","Ben Gordon",14.88,23
"295","Walter Dukes",14.88,10
"296","Greg Ballard",14.87,45
"297","Sam Cassell",14.85,125
"298","Hal Greer",14.83,74
"299","Paul Westphal",14.81,77
"300","Blair Rasmussen",14.81,11
"301","Terry Rozier",14.79,36
"302","Kenny Smith",14.77,57
"303","Matt Geiger",14.77,8
"304","Bonzi Wells",14.75,13
"305","Ricky Pierce",14.74,62
"306","Avery Johnson",14.72,74
"307","Lewis Lloyd",14.72,20
"308","Nene Hilario",14.69,36
"309","Kenny Thomas",14.69,12
"310","Cazzie Russell",14.67,47
"311","Charles Dudley",14.62,23
"312","Kenyon Martin",14.6,85
"313","Mikki Moore",14.6,12
"314","Jerry Lucas",14.56,48
"315","Larry Wright",14.56,39
"316","Don Kojis",14.55,6
"317","Patty Mills",14.54,39
"318","Thaddeus Young",14.53,26
"319","Eddie Jones",14.52,60
"320","Mel Counts",14.5,64
"321","Brian Winters",14.5,31
"322","Austin Carr",14.47,13
"323","Jack Sikma",14.46,83
"324","Lucius Allen",14.44,31
"325","Jeff Teague",14.44,53
"326","Howard Porter",14.44,9
"327","Joe Dumars",14.42,100
"328","George Johnson",14.41,30
"329","Cory Joseph",14.41,30
"330","James Silas",14.4,14
"331","Gary Payton",14.39,138
"332","Voshon Lenard",14.39,17
"333","Larry Johnson",14.38,62
"334","Bill Laimbeer",14.37,99
"335","Archie Clark",14.35,42
"336","Steven Adams",14.34,36
"337","Jack Marin",14.3,31
"338","Jeff Cook",14.3,7
"339","George McGinnis",14.3,29
"340","Dennis Johnson",14.29,169
"341","John Starks",14.28,90
"342","Antonio Davis",14.27,79
"343","Jason Terry",14.25,89
"344","Mehmet Okur",14.25,68
"345","LaPhonso Ellis",14.25,12
"346","Andrew Toney",14.21,62
"347","Bobby Phills",14.21,9
"348","Klay Thompson",14.19,98
"349","Jalen Rose",14.16,51
"350","Lenny Wilkens",14.16,60
"351","Detlef Schrempf",14.15,73
"352","Jimmy Walker",14.15,6
"353","Peja Stojakovic",14.14,78
"354","Albert King",14.1,11
"355","Brad Miller",14.07,12
"356","Micheal Ray Richardson",14.06,11
"357","Marvin Webster",14.05,34
"358","Speedy Claxton",14.05,24
"359","Orlando Woolridge",14.05,15
"360","World B. Free",14.04,25
"361","Boris Diaw",14.02,94
"362","Andris Biedrins",14.02,11
"363","Derek Harper",14.01,79
"364","Bob Boozer",14.01,26
"365","Earl Tatum",14,11
"366","Drew Gooden",13.98,40
"367","David Lee",13.98,22
"368","Andre Iguodala",13.97,112
"369","Glen Rice",13.96,39
"370","Jamaal Wilkes",13.95,93
"371","Robert Horry",13.94,221
"372","Phil Smith",13.94,39
"373","Rich Kelley",13.94,11
"374","Spencer Hawes",13.94,13
"375","Terrence Jones",13.94,17
"376","Jermaine O'Neal",13.92,41
"377","Joe Barry Carroll",13.92,10
"378","George Hill",13.89,88
"379","Brendan Haywood",13.85,28
"380","Paul Pressey",13.84,50
"381","Nazr Mohammed",13.81,23
"382","Hot Rod Williams",13.8,26
"383","John Shumate",13.8,9
"384","Nenad Krstic",13.8,11
"385","Rashard Lewis",13.78,74
"386","Bryon Russell",13.78,84
"387","Matt Harpring",13.78,29
"388","Sam Lacey",13.77,21
"389","Dick Barnett",13.76,78
"390","Kevin Willis",13.74,57
"391","Reggie Jackson",13.71,30
"392","Chris Morris",13.71,35
"393","Red Kerr",13.71,8
"394","Ersan Ilyasova",13.69,10
"395","Jamal Crawford",13.67,50
"396","Happy Hairston",13.66,43
"397","Kevin Porter",13.65,17
"398","Linas Kleiza",13.65,14
"399","Lonnie Shelton",13.64,40
"400","Gene Shue",13.64,10
"401","Jimmy Jones",13.64,11
"402","Otto Porter",13.62,23
"403","Danny Green",13.6,91
"404","Johnny Davis",13.6,22
"405","Josh Childress",13.6,7
"406","Richard Dumas",13.59,23
"407","Metta World Peace",13.58,72
"408","Craig Ehlo",13.58,37
"409","Willie Norwood",13.57,6
"410","Ime Udoka",13.56,16
"411","Tony Delk",13.54,24
"412","J.J. Barea",13.54,31
"413","Johnny Egan",13.52,18
"414","Rodney Stuckey",13.51,17
"415","Sam Perkins",13.5,131
"416","Junior Bridgeman",13.49,25
"417","Charles Oakley",13.45,132
"418","Scott Wedman",13.44,59
"419","Jaylen Brown",13.43,35
"420","Otis Birdsong",13.43,19
"421","Byron Scott",13.42,166
"422","Jeff Malone",13.42,25
"423","Butch Beard",13.42,17
"424","Mike Bratz",13.41,15
"425","Marquis Daniels",13.4,20
"426","Ronnie Brewer",13.39,28
"427","Norm Van Lier",13.38,31
"428","Curtis Rowe",13.37,25
"429","Christian Laettner",13.36,20
"430","Mike Green",13.35,14
"431","James Donaldson",13.32,27
"432","Ricky Sobers",13.32,19
"433","Vern Fleming",13.3,16
"434","Chandler Parsons",13.28,12
"435","Raymond Felton",13.27,12
"436","Rudy Gay",13.27,7
"437","Ernie Grunfeld",13.26,15
"438","Charles Smith",13.26,51
"439","James Posey",13.24,48
"440","Greg Smith",13.24,24
"441","Nick Anderson",13.24,32
"442","Jim McMillian",13.23,66
"443","Phil Chenier",13.21,45
"444","Anderson Varejao",13.2,71
"445","Jared Dudley",13.2,16
"446","Spencer Haywood",13.2,16
"447","Raef LaFrentz",13.2,28
"448","Mike Mitchell",13.19,20
"449","Antoine Walker",13.17,55
"450","Jim Jackson",13.17,45
"451","Leon Powe",13.17,23
"452","Ron Williams",13.17,15
"453","Nick Van Exel",13.16,60
"454","Dan Majerle",13.15,106
"455","Tayshaun Prince",13.14,129
"456","Tom Chambers",13.14,82
"457","Aaron McKie",13.12,45
"458","Kevin Martin",13.1,11
"459","Jeff Mullins",13.09,63
"460","Artis Gilmore",13.09,17
"461","Gar Heard",13.08,55
"462","Travis Best",13.08,39
"463","Rudy LaRusso",13.08,88
"464","George Lynch",13.08,37
"465","Elden Campbell",13.06,38
"466","Festus Ezeli",13.06,23
"467","Michael Cooper",13.05,156
"468","Nick Weatherspoon",13.04,24
"469","Randy Wittman",13.04,30
"470","Walt Hazzard",13.03,48
"471","Larry Hughes",13.03,37
"472","Bill Bridges",13.02,90
"473","Nick Collison",13.01,48
"474","Tyson Chandler",13,45
"475","Rolando Blackman",13,52
"476","Scott Williams",13,58
"477","Johnny Dawkins",13,10
"478","Si Green",12.99,26
"479","Nate McMillan",12.96,61
"480","Damon Stoudamire",12.96,36
"481","Xavier McDaniel",12.95,34
"482","Dave Meyers",12.94,9
"483","Brad Davis",12.94,27
"484","Joe Johnson",12.93,106
"485","Bobby Jackson",12.91,28
"486","Mike McGee",12.9,34
"487","Zaza Pachulia",12.9,26
"488","Jim Barnett",12.9,11
"489","Dale Ellis",12.87,32
"490","Ray Williams",12.87,30
"491","Curtis Perry",12.85,52
"492","Mychal Thompson",12.83,82
"493","Allen Leavell",12.83,27
"494","Vinny Del Negro",12.83,34
"495","Phil Jackson",12.82,45
"496","Darrell Arthur",12.82,13
"497","Mike Bibby",12.81,95
"498","Corliss Williamson",12.81,47
"499","Larry Siegfried",12.8,63
"500","OG Anunoby",12.8,10
"501","Ed Ratleff",12.8,8
"502","A.C. Green",12.79,133
"503","Luke Ridnour",12.79,11
"504","Danilo Gallinari",12.78,7
"505","Stephen Jackson",12.76,68
"506","Kirk Hinrich",12.74,29
"507","Kevin Williams",12.69,14
"508","Gilbert Arenas",12.68,16
"509","Kelly Tripucka",12.68,14
"510","Markieff Morris",12.68,13
"511","Gus Johnson",12.67,28
"512","Gene Banks",12.67,11
"513","Tiny Archibald",12.66,40
"514","Rickey Green",12.66,21
"515","Fred Hetzel",12.65,23
"516","Don Ohl",12.63,18
"517","Greg Ostertag",12.63,65
"518","Maurice Evans",12.63,21
"519","Armen Gilliam",12.63,8
"520","Joe Caldwell",12.62,39
"521","Mario Elie",12.61,86
"522","Jim Cleamons",12.6,13
"523","Jamaal Magloire",12.6,7
"524","Lloyd Neal",12.59,19
"525","Olden Polynice",12.59,10
"526","Sean Elliott",12.57,74
"527","Marco Belinelli",12.57,45
"528","Lou Williams",12.57,24
"529","Timofey Mozgov",12.56,20
"530","Richard Jefferson",12.55,105
"531","Michael Cage",12.54,19
"532","Leandro Barbosa",12.52,102
"533","Stu Lantz",12.52,13
"534","John Salley",12.51,95
"535","Frank Ramsey",12.51,49
"536","Lucious Harris",12.51,40
"537","Ian Clark",12.51,16
"538","Jerry Sloan",12.5,33
"539","Joel Kramer",12.5,15
"540","Trenton Hassell",12.5,18
"541","Monta Ellis",12.49,25
"542","Michael Finley",12.48,101
"543","Reggie Theus",12.48,6
"544","Anthony Mason",12.47,80
"545","Ray Scott",12.45,10
"546","Kelly Olynyk",12.44,18
"547","Buck Williams",12.39,69
"548","Ray Felix",12.39,25
"549","Kurt Rambis",12.38,116
"550","Mike Dunleavy",12.37,47
"551","Jay Humphries",12.36,25
"552","Mike Gale",12.36,20
"553","Kendall Gill",12.36,9
"554","Stanislav Medvedenko",12.31,21
"555","Alton Lister",12.3,56
"556","Ed Davis",12.3,11
"557","John Long",12.29,9
"558","Dennis Rodman",12.28,161
"559","Dave Twardzik",12.28,14
"560","Gerald Wilkins",12.27,40
"561","Shaun Livingston",12.26,100
"562","Eric Gordon",12.26,28
"563","Tom Abernethy",12.26,11
"564","Jordan Hill",12.24,12
"565","Tyrone Corbin",12.23,63
"566","Rodney Rogers",12.22,56
"567","Jim King",12.19,28
"568","Vladimir Radmanovic",12.19,33
"569","Mike Sanders",12.19,17
"570","Dave Stallworth",12.18,19
"571","Fred Carter",12.18,25
"572","Howard Eisley",12.16,69
"573","Ernie DiGregorio",12.16,15
"574","Danny Ainge",12.12,173
"575","Otis Thorpe",12.11,35
"576","B.J. Armstrong",12.1,94
"577","Kevon Looney",12.1,17
"578","Alan Anderson",12.1,12
"579","P.J. Brown",12.08,86
"580","Steve Kuberski",12.08,29
"581","John Bagley",12.07,10
"582","Trevor Ariza",12.06,85
"583","Tim Hardaway",12.06,31
"584","Larry Costello",12.06,18
"585","Luke Jackson",12.06,39
"586","Raja Bell",12.04,50
"587","Jamaal Tinsley",12.04,25
"588","Jon McGlocklin",12.03,38
"589","Eric Money",12.03,9
"590","Mike Evans",12.03,36
"591","Jannero Pargo",12.02,12
"592","DeMarre Carroll",12.01,43
"593","Jamal Mashburn",12.01,37
"594","Malik Rose",11.98,47
"595","Will Perdue",11.98,10
"596","Thurl Bailey",11.96,41
"597","Dave Gambee",11.95,8
"598","Rod Higgins",11.94,17
"599","Eric Maynor",11.92,17
"600","Tom Henderson",11.91,77
"601","Marcus Smart",11.9,33
"602","Jerryd Bayless",11.9,15
"603","Walt Williams",11.9,15
"604","Lavoy Allen",11.89,12
"605","Desmond Mason",11.89,11
"606","Theo Ratliff",11.88,17
"607","Mitchell Wiggins",11.88,20
"608","DeSagana Diop",11.84,22
"609","Nikola Mirotic",11.84,9
"610","Truck Robinson",11.84,47
"611","Maurice Harkless",11.84,11
"612","Brent Barry",11.83,71
"613","Michael Adams",11.81,11
"614","Donyell Marshall",11.8,32
"615","Aron Baynes",11.79,19
"616","Anthony Carter",11.79,26
"617","Kwame Brown",11.79,7
"618","J.R. Smith",11.77,102
"619","Wayne Embry",11.77,22
"620","Andres Nocioni",11.76,12
"621","Mark Olberding",11.76,30
"622","Bostjan Nachbar",11.75,12
"623","Mario Chalmers",11.74,94
"624","Erick Dampier",11.74,42
"625","Dale Davis",11.73,98
"626","Sedale Threatt",11.73,41
"627","Luis Scola",11.72,37
"628","John Tresvant",11.72,18
"629","Randy Breuer",11.72,14
"630","Morris Peterson",11.72,12
"631","Jerry Stackhouse",11.7,45
"632","Keith Erickson",11.69,79
"633","Aaron Brooks",11.69,13
"634","Antoine Carr",11.69,70
"635","Bingo Smith",11.67,13
"636","Devin Harris",11.67,29
"637","Lance Stephenson",11.65,38
"638","John Battle",11.65,15
"639","Bob Weiss",11.63,18
"640","John Gianelli",11.62,21
"641","Wesley Person",11.62,10
"642","Glen Davis",11.61,38
"643","Darrall Imhoff",11.61,29
"644","Mitch Kupchak",11.6,30
"645","Ron Boone",11.6,8
"646","Robert Reid",11.59,58
"647","Caron Butler",11.58,59
"648","Kyle Macy",11.58,24
"649","Jim Washington",11.58,24
"650","Fabricio Oberto",11.57,37
"651","Tony Allen",11.57,69
"652","Wali Jones",11.57,28
"653","Mike Farmer",11.57,11
"654","Larry Smith",11.56,10
"655","Frank Selvy",11.56,47
"656","Kevin Kunnert",11.56,20
"657","Derek Fisher",11.55,253
"658","Steve Kerr",11.55,58
"659","Charlie Scott",11.55,27
"660","Elston Turner",11.55,15
"661","Clyde Lovellette",11.54,14
"662","Trent Tucker",11.52,31
"663","Brian Grant",11.51,42
"664","Paul Mokeski",11.51,16
"665","Austin Rivers",11.49,14
"666","Mahmoud Abdul-Rauf",11.48,12
"667","Kevin Gamble",11.46,21
"668","Grant Long",11.45,19
"669","Darren Daye",11.44,23
"670","Guy Rodgers",11.43,33
"671","Derrick McKey",11.42,120
"672","John Johnson",11.42,54
"673","Ian Mahinmi",11.41,19
"674","Dee Brown",11.41,11
"675","Wayne Cooper",11.4,40
"676","Nicolas Batum",11.4,16
"677","Danny Young",11.4,35
"678","Bill Bradley",11.39,86
"679","Udonis Haslem",11.35,100
"680","Anthony Johnson",11.35,54
"681","Shannon Brown",11.35,44
"682","Anthony Parker",11.34,17
"683","Larry Foust",11.34,12
"684","Jae Crowder",11.3,29
"685","Wally Szczerbiak",11.3,31
"686","Joe Ingles",11.3,22
"687","Tony Battie",11.28,26
"688","Keith Van Horn",11.28,32
"689","Tom Hawkins",11.28,62
"690","Mickey Davis",11.27,15
"691","David Wesley",11.24,42
"692","Delonte West",11.24,38
"693","Purvis Short",11.24,10
"694","Charles Pittman",11.23,17
"695","Danny Schayes",11.22,21
"696","Gene Conley",11.22,13
"697","Muggsy Bogues",11.2,9
"698","Kurt Thomas",11.2,64
"699","Paul Silas",11.19,132
"700","Rodney McCray",11.19,30
"701","Kenny Carr",11.19,9
"702","Danny Granger",11.17,11
"703","Isaac Austin",11.17,15
"704","Sleepy Floyd",11.16,10
"705","Johnny Newman",11.13,19
"706","Gerald Wallace",11.13,13
"707","Mickael Pietrus",11.11,69
"708","Patrick Beverley",11.11,17
"709","Daniel Gibson",11.1,31
"710","Quinton Ross",11.1,12
"711","Dave Corzine",11.1,35
"712","Eric Williams",11.09,26
"713","James Edwards",11.08,91
"714","Alvin Williams",11.07,12
"715","Dahntay Jones",11.06,16
"716","Gerald Henderson",11.04,62
"717","Freddie Crawford",11.03,25
"718","Kyle Korver",11,105
"719","Charles Johnson",11,69
"720","Quincy Pondexter",10.99,15
"721","Jason Williams",10.97,23
"722","Hedo Turkoglu",10.96,66
"723","Rudy Tomjanovich",10.96,20
"724","Corey Brewer",10.96,17
"725","Haywoode Workman",10.94,33
"726","Wesley Matthews",10.94,27
"727","Brian Shaw",10.93,111
"728","Larry Steele",10.93,18
"729","Allen Crabbe",10.92,11
"730","Harrison Barnes",10.9,57
"731","Winston Garland",10.9,20
"732","Rory Sparrow",10.87,18
"733","Bob Wilkerson",10.85,13
"734","Jim Paxson",10.82,16
"735","Jeff Green",10.81,41
"736","Devean George",10.77,52
"737","Chris Ford",10.75,35
"738","Kevin Grevey",10.74,49
"739","Andre Roberson",10.74,18
"740","Bojan Bogdanovic",10.73,26
"741","Dennis Awtrey",10.72,26
"742","J.J. Redick",10.71,74
"743","Pete Chilcutt",10.71,20
"744","C.J. Watson",10.71,19
"745","O.J. Mayo",10.7,13
"746","Cuttino Mobley",10.7,17
"747","Ervin Johnson",10.68,54
"748","Justise Winslow",10.68,13
"749","Mike Riordan",10.67,48
"750","Marcus Morris",10.67,19
"751","Evan Turner",10.66,19
"752","Reggie Evans",10.65,18
"753","Rick Fox",10.64,71
"754","Chuck Person",10.64,25
"755","Leroy Ellis",10.64,38
"756","Chucky Brown",10.64,21
"757","Aaron Williams",10.63,39
"758","David Wingate",10.62,10
"759","Don Ford",10.62,11
"760","Tal Skinner",10.62,9
"761","Lionel Hollins",10.61,59
"762","J.R. Reid",10.58,25
"763","Vincent Askew",10.57,19
"764","Mark Eaton",10.56,47
"765","Patrick Patterson",10.55,20
"766","Luc Longley",10.52,65
"767","Eduardo Najera",10.52,19
"768","Gary Neal",10.52,35
"769","Stacey Augmon",10.51,21
"770","Bill Hanzlik",10.51,34
"771","Jordan Farmar",10.51,64
"772","Herm Gilliam",10.5,18
"773","Eric Snow",10.48,75
"774","Chucky Atkins",10.48,27
"775","Kevin Loughery",10.47,27
"776","Greg Anthony",10.47,80
"777","Jim Petersen",10.45,20
"778","Dell Curry",10.45,9
"779","Doug Christie",10.44,48
"780","Louis Orr",10.44,12
"781","Jared Jeffries",10.38,16
"782","Tom Sanders",10.37,90
"783","Dave Greenwood",10.37,6
"784","Clint Richardson",10.37,47
"785","Jim Brewer",10.36,13
"786","Willie Anderson",10.36,20
"787","Mike Miller",10.36,58
"788","Caldwell Jones",10.35,93
"789","Don Chaney",10.34,63
"790","Billy Paultz",10.34,34
"791","Jason Caffey",10.34,18
"792","P.J. Tucker",10.31,27
"793","Clyde Lee",10.31,21
"794","Oliver Miller",10.29,24
"795","Tom Gola",10.29,18
"796","Courtney Lee",10.27,46
"797","Blue Edwards",10.27,25
"798","Alvin Scott",10.26,15
"799","David Benoit",10.25,43
"800","Dick Van Arsdale",10.23,26
"801","Clifford Robinson",10.23,94
"802","Chris Childs",10.23,68
"803","Mason Plumlee",10.23,11
"804","Jay Vincent",10.22,20
"805","Ricky Davis",10.21,7
"806","Keyon Dooling",10.2,35
"807","Henry Bibby",10.15,56
"808","Reggie Williams",10.1,12
"809","Darrell Armstrong",10.08,7
"810","Bill Cartwright",10.06,103
"811","Bill Willoughby",10.05,19
"812","Chico Vaughn",10.03,23
"813","Marvin Williams",10.01,30
"814","Adrian Griffin",10,20
"815","Norman Powell",10,27
"816","Mike Bantom",10,21
"817","Quentin Richardson",9.99,15
"818","John Paxson",9.98,89
"819","Bob Hansen",9.97,11
"820","Jumaine Jones",9.96,23
"821","Fred Roberts",9.96,29
"822","Jeff Wilkins",9.92,21
"823","Joe Smith",9.91,26
"824","Ron Anderson",9.91,18
"825","Tyrone Hill",9.88,33
"826","Josh Richardson",9.88,14
"827","Ed Nealy",9.88,15
"828","Dennis Scott",9.87,33
"829","Mark West",9.83,52
"830","M.L. Carr",9.82,29
"831","Drazen Petrovic",9.81,20
"832","Francisco Elson",9.78,20
"833","Iman Shumpert",9.77,70
"834","Luke Walton",9.74,49
"835","Brandon Jennings",9.74,7
"836","C.J. McCollum",9.72,11
"837","Robert Covington",9.7,10
"838","Don Buse",9.67,23
"839","Thabo Sefolosha",9.67,73
"840","Coby Dietrick",9.64,14
"841","Stacey King",9.61,35
"842","Royce O'Neale",9.6,11
"843","Bucky Bockhorn",9.6,22
"844","Dwight Jones",9.59,18
"845","Avery Bradley",9.59,28
"846","Frank Johnson",9.54,7
"847","Paul Neumann",9.53,15
"848","Vernon Maxwell",9.5,32
"849","Pat Cummings",9.5,10
"850","Damon Jones",9.48,15
"851","Cornell Warner",9.48,16
"852","Matt Barnes",9.46,52
"853","Terry Catledge",9.43,11
"854","Fred Jones",9.41,27
"855","Al Harrington",9.4,27
"856","Rick Robey",9.4,17
"857","Shawn Bradley",9.39,27
"858","Chris Kaman",9.38,11
"859","Joel Anthony",9.33,38
"860","Dion Waiters",9.3,18
"861","Bill Hewitt",9.3,15
"862","Gerald Green",9.28,17
"863","Don Adams",9.28,7
"864","Sam Vincent",9.26,10
"865","Rasho Nesterovic",9.21,10
"866","Craig Hodges",9.2,84
"867","Al Attles",9.19,49
"868","Sasha Vujacic",9.16,44
"869","Dick Snyder",9.15,13
"870","Stephon Marbury",9.15,11
"871","Gene Wiley",9.14,20
"872","Terry Teagle",9.14,36
"873","Kenny Anderson",9.12,16
"874","Eddie House",9.11,14
"875","Pete Myers",9.1,10
"876","Ralph Simpson",9.09,13
"877","D.J. Augustin",9.08,19
"878","K.C. Jones",9.07,88
"879","Dick Garrett",9.07,18
"880","Sam Bowie",9.06,9
"881","Wally Walker",9.05,20
"882","Jim Chones",8.95,23
"883","C.J. Miles",8.94,20
"884","Dean Meminger",8.93,33
"885","Ronald Murray",8.92,24
"886","Ramon Sessions",8.84,22
"887","Kendrick Perkins",8.81,129
"888","Quinn Buckner",8.79,32
"889","Hot Rod Hundley",8.79,21
"890","Tyler Hansbrough",8.78,19
"891","Kevin Duckworth",8.7,52
"892","James Jones",8.66,72
"893","Johnny McCarthy",8.65,26
"894","Em Bryant",8.64,18
"895","Ryan Anderson",8.63,11
"896","Shane Battier",8.62,100
"897","Mike Brown",8.62,25
"898","Kareem Rush",8.59,22
"899","Shandon Anderson",8.57,49
"900","Larry Krystkowiak",8.54,8
"901","Matt Maloney",8.53,16
"902","Andrew Lang",8.51,11
"903","Ken Charles",8.51,16
"904","Armond Hill",8.47,9
"905","Woody Sauldsberry",8.44,21
"906","Mo Williams",8.41,36
"907","Mirza Teletovic",8.4,12
"908","Arron Afflalo",8.39,7
"909","Anthony Peeler",8.38,26
"910","Omer Asik",8.37,6
"911","Matthew Dellavedova",8.35,40
"912","Clemon Johnson",8.32,38
"913","T.R. Dunn",8.31,33
"914","E'Twaun Moore",8.23,9
"915","Rick Mahorn",8.15,80
"916","Juwan Howard",8.15,10
"917","Walter McCarty",8.14,10
"918","Luc Mbah a Moute",8.14,7
"919","Frank Brickowski",8.09,21
"920","Willie McCarter",8.08,12
"921","Matt Bonner",8.03,20
"922","Matt Guokas",7.95,41
"923","Pat Riley",7.95,15
"924","Darnell Hillman",7.94,13
"925","Tree Rollins",7.85,39
"926","Brian Scalabrine",7.8,12
"927","Jim Krebs",7.79,11
"928","Lindsey Hunter",7.77,89
"929","Corie Blount",7.77,12
"930","Marc Iavaroni",7.72,13
"931","Rafer Alston",7.69,43
"932","Dave Piontek",7.67,14
"933","Terrence Ross",7.65,20
"934","Al Bianchi",7.62,11
"935","Michael Curry",7.5,25
"936","John Barnhill",7.49,11
"937","Bruce Bowen",7.45,117
"938","Wayne Hightower",7.45,12
"939","Danny Ferry",7.43,13
"940","Felton Spencer",7.36,34
"941","Juan Dixon",7.36,10
"942","Norris Cole",7.33,41
"943","Steve Blake",7.26,18
"944","Leonard Gray",7.21,9
"945","Samaki Walker",7.17,19
"946","Pablo Prigioni",7.15,28
"947","Carlos Delfino",7.12,7
"948","Steven Hunter",7.1,15
"949","Jerry Sichting",7.09,41
"950","Sam Young",7.09,13
"951","DeShawn Stevenson",7.06,21
"952","Sam Mitchell",7.01,17
"953","Greg Foster",6.87,40
"954","Hubert Davis",6.76,23
"955","Wilson Chandler",6.62,6
"956","Gordan Giricek",6.56,24
"957","Beno Udrih",6.53,21
"958","Carl Herrera",6.51,16
"959","Chris Dudley",6.47,18
"960","Slick Leonard",6.33,9
"961","Randy Foye",6.3,11
"962","Erwin Mueller",6.26,14
"963","John Salmons",6.24,14
"964","Robert Pack",6.03,12
"965","Keith Bogans",5.98,26
"966","Jason Collins",5.69,71
"967","Kent Bazemore",5.37,26
"968","Rodney Hood",5.3,24
"969","Smush Parker",5.19,7
"970","Jaren Jackson",5.05,26
"971","Mike O'Koren",4.92,11
"972","Reggie Johnson",4.84,7
"973","Sasha Pavlovic",4.7,20
"974","Charles Jones",4.69,19
"975","Leon Douglas",4.5,15
"976","Mark Madsen",4.29,17
"977","Jacque Vaughn",4.28,20
"978","Gary Phillips",3.81,11
"979","Jordan Clarkson",3.8,17
"980","Jim Loscutoff",3.37,14
"981","Semi Ojeleye",2.9,17
"982","Michael Olowokandi",2,15
